{

  "_comment": "Настройки хедера",
  "page_title": "Love stories",
  "page_sub_title": "Dating game in Telegram!",
  "header_button_text": "Start",


  "_comment": "Общие настройки",
  "bot_name": "Katerina",
  "text_for_typing": "typing",
  "link_to_telegram": "https://t.me/love_stories_hotbot",
  "bot_age": "28",
  "bot_info": "Looking for a new friends for flirt and chat",
  "call_to_action": "Want to Reply?",

  "_comment": "Первая реплика бота",
  "bot_reply_1": "Hey! It’s a pleasure to meet you! Are you ready for a flirt?",
  "bot_photo_1": "img/photo.png",
  "photo_state": "hide",
  "photo_position": "photo_bottom",

  "_comment": "Вторая реплика бота (первая опция)",
  "bot_reply_2_1": "Lets start",
  "photo_state_2_1": "hide",
  "photo_position_2_1": "photo_bottom",
  "bot_photo_2_1": "img/photo.png",

  "_comment": "Вторая реплика бота (вторая опция)",
  "bot_reply_2_2": "Here is my pic! Enjoy!",
  "photo_state_2_2": "show",
  "photo_position_2_2": "photo_bottom",
  "bot_photo_2_2": "img/photo.png",
 

  "_comment": "Тексты для кнопок c ответами",
  "button_text_1": "Yes, I want to flirt!",
  "button_text_2": "Send your pic first",
  "button_text_3": "Amazing!",
  "button_text_4": "Can you send more?",

  "_comment": "Пути фото профиля бота и пользователя",
  "bot_avatar": "img/photo.png",
  "user_avatar": "img/photo2.jpeg",

  "_comment": "Цвет фона кнопок",
  "button_background": "linear-gradient(#9A69D2, #BD8CE8)",
  "header_button_background": "#fff",

  "_comment": "Фоновое изображение чата",
  "chat_background": "img/bg.jpg",

  "_comment": "Настройки футера",
  "footer_item_1": "🔥 Most Popular Dating Game in Telegram!",
  "footer_item_2": "🔞 Sexting simulator with Pics & Vidz.",

  "_comment": "Настройки цвета текста",
  "text_color": "#000",
  "header_color": "#fff",
  "button_color": "#fff",
  "call_to_action_color": "#E50B0B"

}